u;main;1;14658363213
u;main;1;14660173126
u;main;1;14658805093
u;main;1;14636030727
u;main;1;14647752076
u;main;1;14661494821
u;main;1;14642297191
u;main;1;14659728278
u;main;1;14649232504
u;main;1;14629732857
u;main;1;14631219198
u;main;1;14660067477
u;main;1;14658225019
u;main;1;14633756542
u;main;1;14630267088
u;main;1;14638648761
u;main;1;14658280827
u;main;1;14641163141
u;main;1;14644630565
u;main;1;14642231244
u;main;1;14644215729
u;main;1;14659581538
u;main;1;14651693246
u;main;1;14653718169
u;main;1;14643236948
u;main;1;14645221641
e;main;1;14604092412
e;main;1;14624037882
e;main;1;14668343159
e;main;1;14676121364
e;main;1;14623334251
e;main;1;14680250263
e;main;1;14689561133
e;main;1;14625513462
e;main;1;14621259963
e;main;1;14675826654
e;main;1;14673591036
e;main;1;14629179651
